{
    "profile_x": [
        0.0,
        1.0,
        1.4142135623730951,
        2.8284271247461903,
        3.605551275463989,
        4.242640687119285,
        5.0,
        5.656854249492381,
        6.4031242374328485,
        7.0710678118654755,
        7.810249675906654,
        8.48528137423857,
        9.899494936611665,
        11.313708498984761,
        12.041594578792296,
        12.727922061357855,
        13.45362404707371,
        14.142135623730951,
        15.556349186104045,
        16.97056274847714,
        18.384776310850235,
        19.1049731745428,
        19.79898987322333,
        21.213203435596427,
        22.627416997969522,
        24.041630560342615,
        25.45584412271571,
        26.870057685088806,
        28.284271247461902,
        29.698484809834994,
        31.11269837220809,
        32.526911934581186,
        33.24154027718932,
        33.94112549695428,
        35.35533905932738,
        36.76955262170047,
        38.18376618407357,
        39.59797974644666,
        40.311288741492746,
        41.012193308819754,
        41.72529209005013,
        42.42640687119285,
        43.840620433565945,
        45.254833995939045,
        45.967379738244816,
        46.66904755831214,
        47.38143096192854,
        48.08326112068523
    ],
    "profile_y": [
        -8.233295066290697e-08,
        8.768951157301502e-08,
        -8.866260247774455e-08,
        6.111358491047228e-07,
        -4.7046492459776323e-07,
        -2.385344121729957e-07,
        -1.9903247081530517e-07,
        1.1476856309929062e-07,
        1.5667137725789565e-07,
        2.9410120919691474e-07,
        2.6196920583504424e-07,
        -1.6276772761905645e-07,
        2.963477296084524e-07,
        1.582851828219045e-07,
        -1.1759443948287929e-07,
        -1.531276483451513e-07,
        -1.6607993702354856e-06,
        -1.7596582064056607e-06,
        -3.7935745422594536e-06,
        -8.336748057006377e-06,
        -5.208483083791321e-06,
        -6.858411558171434e-07,
        2.5773828379767327e-06,
        4.021019337848916e-06,
        5.882645967431044e-06,
        4.595652137048822e-06,
        4.781947458089991e-06,
        4.536685859522251e-06,
        4.916572047753559e-06,
        6.980985451407289e-06,
        6.516953323435631e-06,
        5.769349306763288e-06,
        7.529539961984889e-06,
        8.16966309810218e-06,
        1.0561160995525148e-05,
        1.2054863931017928e-05,
        1.5135074995121546e-05,
        6.082481832191469e-06,
        3.2098331558677584e-06,
        1.7642681453700765e-06,
        2.3167524571899092e-06,
        2.0595285801696533e-07,
        -7.744698600747196e-08,
        2.1407829301628434e-07,
        -1.9151025544041078e-07,
        5.08071669316941e-07,
        -2.2757135425058306e-07,
        -9.316022800843343e-08
    ],
    "integral": 0.00011922487723068815
}
